name,id
上海发布,shanghaicity
成都发布,xwfbc
南京发布,njfb
北京发布,bjfbt
武汉发布,2759348142
四川发布,sichuantianfu
中国广州发布,guangzhoufabu
杭州发布,5211979483
青岛发布,qdfb
云南发布,yunnan
天津发布,tjszfxwbfb
深圳微博发布厅,shenzhenfabu
重庆发布,cqszfxwb
苏州发布,suzhouio
无锡发布,wuxifabu
宁波发布,nbfb
山东发布,shandongfabu
杭州文广旅游发布,hangzhoutourism
滨海发布,bhfbt
西安发布,3757167087
陕西发布,shaanxigov
广东发布,guangdongfabu
浙江发布,5131766197
沈阳发布,syfbt
海关发布,5832321505
上海宝山发布,shbs
河北发布,2698146894
珠海发布,3535175740
南海发布,nanhainews
哈尔滨发布,hrbfb
浦东发布,pudongnews
新疆发布,xjfb
吉林发布,jlxwb
甘肃发布,1937187173
南昌发布,nanchangfabu
安徽发布,ahfb
汕头政务发布,styjb
福州发布,2639029341
佛山发布,fsfb
昆明警方发布,kunmingpolice
上海铁警发布,stpolice
徐州发布,xzfabu
长春发布,3270346463
江西发布,jxfbt
兰州发布,2626472787
郑州发布,zzfb
淮安发布,huaianfabu
安徽省人民政府发布,5733103353
扬州发布,yzfabu
江苏教育发布,3674007143
昆明发布,3816699409
南宁发布,nnfabu
长沙发布,3329420380
惠州发布,hzfb
湖北发布,hubeifabu
太仓发布,taicangfabu
江阴发布,jiangyinfabu
苏州工业园区发布,sipacnc
马鞍山发布,masfb
昆山发布,kunshanfab
威海发布,weihaifabu
宜昌发布,yichangfabu
苏州吴中发布,wzfb
澳门特区发布,6190786689
南京江北新区发布,njjbxq
上海徐汇发布,xuhuinews
潍坊发布,wffabu
北京通州发布,beijingtongzhou
象山发布,xswb0574
鞍山发布,asfb
上海松江发布,shsongjiang
南京交通发布,2113950730
山西发布,shanxifabu
浦口发布,pkpublicity
河北交警微发布,hbjtaq
云南文化旅游发布厅,yunnantour
上海质监发布,shzjxwzx
中山发布,3511698607
昆明五华发布,kmwhfb
三亚发布,2074376453
北海发布,2177412401
温州发布,wenzhoufabu
安庆发布,anqingfabu
阜阳发布,fyxcb
黑龙江发布,hljfb
崂山发布,2488065823
江宁发布,jiangningfabu
乌鲁木齐发布,wlmqfb
宜宾发布,yibinfabu
镇江发布,zjfb
株洲发布,zhuzhoufabu
万州发布,2972474694
荆州发布,jzfbnews
舟山发布,zsqd
北仑发布,beilunfabu
邢台发布,3899427856
江西预警发布,5871586161
泰州发布,3195538854
南昌东湖区发布,donghufabu
天津市住房公积金发布,tjgjj
上海海事发布,shanghaimsa
浦江发布,5071702655
梅州发布,2635179330
济宁发布,3317202677
青岛西海岸发布,2207464283
江干发布,jgfabu
湖州发布,3514408660
绍兴发布,5209171085
芜湖市人民政府发布,whsmxs
广州番禺发布,panyufabu
吉林市发布,3319940460
达州发布,dazhoufb
城关发布,2794517172
上海体育发布,shtyj
溧水发布,jsnjls
衡阳发布,hengyangfabu
上海奉贤发布,fengxian
盐城发布,5477333519
鄂尔多斯发布,ordosgov
临沂发布,3895563329
宿州发布,ahszfb
兴安盟乌兰浩特市发布,2419711505
广州天河发布,gztianhefb
丽水发布,wblishui
宜兴发布,zhongguoyixingfabu
青海发布,qinghaifabu
枣庄发布,511890789
六安发布,3021918593
海宁发布,hnxww
萍乡发布,pingxiangfabu
芜湖发布,wuhufabu
西湖发布,5186000071
赣州发布,3817381137
铜陵发布,tonglingfabu
贵阳发布,2645846213
蓟州发布,3309551682
肇庆发布,zqfb
太原发布,3268152967
青岛城阳发布,2346571355
泸州发布,luzhouzhengwu
淮南发布,2526056150
乐山发布,lsnews
遂宁发布,cnsnfb
东阳发布,5029134285
郫都发布,pxfb
抚州发布,fzfb
九江发布,jjfb
福田发布,2858056932
淄博发布,3577849617
桐乡发布,weibotongxiang
津南发布,3241057994
晋中发布,3312881404
衡水发布,hengshuixcb
南开发布,3161767823
上海工会发布,shghfb
如东发布,rdxwxcb
宜春发布,ycfb
丹东发布,ddfb
临安发布,5181771928
广州南沙发布,gznanshafabu
亳州发布,bzfbwb
青岛市北发布,shibeifabu
菏泽发布,3632295651
德州发布,2485817127
青岛市市南区发布,shinanfabu
苏州姑苏发布,gusufabuio
河东发布,hedongqu
无锡惠山发布,3204861093
晋城发布,jinchengfabu
彭州发布,cdpengzhouxcb
衢州发布,3192497034
上城发布,5183742166
廊坊发布,3907706821
河北生态环境发布,1630430145
广州花都发布,3186551403
黄山发布,huangshanfabu
广州越秀发布,gzyxfb
陇南发布,2626472827
宝坻发布,3308008187
瑞安发布,ruianfabu
上海国资发布,shgzw
鄞州发布,nbyzfb
苏州吴江发布,lejuwj
南昌教育发布,nanchangjiaoyufabu
滨江发布,5183786151
南昌市政公用集团发布,ncszgyjt
钱塘新区发布,xiashanewcity
巴中发布,bzfb
延边发布,yanbianfabu
镇海发布,2588125812
渭南发布,3214268410
南昌县发布,2673559173
辽宁发布,5537781788
台州发布,taizhoufabu001
深圳龙华发布,szlhfb
河西发布,hxfb
汕头发布,stfb
东营发布,1608195440
铜川发布,3739033863
聊城发布,3768357411
南湖发布,3903234075
河北区发布,3002659365
无锡滨湖发布,binhufabu
广州海珠发布,gzhaizhufabu
潮州发布,chaozhoufabu
密山发布,mishanfabu
静海发布,3181336015
广州黄埔发布,3186551397
十堰发布,5083884756
西藏发布,2620622835
阜阳市人民政府发布,fuyanggov
苏州高新区发布,3079986772
曲阜发布,qufufb
广州荔湾发布,3186551393
松原发布,3294779367
伊犁发布,2629250621
眉山发布,meishanfabu
海沧发布,5112332878
呼和浩特火车站发布,2544311933
中国侨都-江门发布,5167878023
吉安发布,jafb
永州发布,yongzhoufabu
上海司法行政发布,2652595170
平阳教育发布,3651203122
通州发布,878987229
江北发布,2588129852
博州发布,bozhoufabu
上饶发布,srfb
邗江发布,yzhjxc
广州从化发布,3186551413
莱芜发布,laiwufabu
淮北发布,2625512830
防城港发布,1706904194
温州鹿城发布,LCfabu
巴士发布,2711454173
呼和浩特发布,5234716148
丽江发布,lijiangnews
富阳发布,5127914121
四平发布,spfb
六安市人民政府发布,laszfwz
孟津发布,337266651
蚌埠发布,bbfb3115432
喀什发布,2629250671
长白山发布,3375625594
长兴发布,3649799392
杭州教育发布,hzsjyj
普洱发布,puerfabu
汉中发布,3936431121
抚顺发布,3853842988
湛江发布,3980043846
西昌发布V,3748103431
砀山发布,dswxb
坪山发布,psfb
惠城发布,hcfb
汕尾发布,shanweifabu
中国大庆发布,5000611793
苍南预警发布,3182419117
黔西南发布,2519857302
肥东发布,2709898807
南昌高新区发布,nchdz
广州增城发布,3034420401
郴州发布,2215917364
钦州发布,2085294265
新沂发布,xinyifabu
宁波杭州湾新区发布,2431096434
金湾发布,jwxcb
启东发布,qidongfabu
含山县人民政府发布,hanshanfb
厦门发布,xiamenfabu
温岭发布,2642474143
重庆云阳微发布,2404269462
盱眙发布,xuyigov
靖江发布,2867366110
宁波海关发布,nbciq
巢湖发布,2568464022
梧州发布,wuzhoufabu
庐阳发布,3186952954
南昌公交发布,NCGJZGS
旌阳发布台,2629025941
鄂托克前旗发布,2370504027
桐庐发布,5184131253
中国公益指数,5722914096
佛山新闻网,313033308
玉溪市人民医院新闻发布厅,3157699230
渝北发布,2973840412
荆门发布,weijingmen
南昌进贤发布,2673596451
威海高新区发布,whgqfb
延安发布,2654731231
锡山发布,xishanfabu
德阳教育发布,3195549780
上海民防发布,2650725643
榆林发布,5166789395
贵港发布,ggsxwb
昌江发布,5380501825
天津海事发布,tianjinmsa
济源发布,jiyuanfabu
江津发布,jiangjinfabu
锦州发布,jzfabu
定西发布,2626472813
下城发布,hzxcfb
两江新区发布,ljxq618
三门峡发布,1913935211
西双版纳发布,12bn
泗县发布,sixiangov
石城发布,shichengfabu
溧阳发布,2721991990
广州白云发布,3185467691
苏州文化发布,szculture
永康发布,2920363670
鄂州发布,2184090830
南昌新建发布,ncxj
寿县发布,210120454
滁州市人民政府发布,czgov
苏州检察发布,szjcfb
萧县发布,3215052832
无锡梁溪发布,wxsbtq
七台河发布,312319807
梅河口发布,3750122205
白山发布,3299012882
南昌青云谱发布,234661270
南昌经济技术开发区发布,ncjk
东西湖发布,2797392924
襄阳发布,2636293023
胶州发布,3228534683
温江发布,6164179248
上海水务海洋发布,shanghaiwatersea
合肥市人民政府发布,6267857981
贵州教育发布,3209843317
南昌西湖区发布,2673596471
巴州发布,2629221533
诸暨发布,zhujifb
渠县发布,qx818
宁河发布,3288836375
昆明盘龙发布,3846487316
南昌人力资源和社会保障发布,2673559463
天门发布,hbtmzc
昆明官渡发布,3840904562
禹州发布,yuzhoufabu
清城发布,qingchengfabu
大亚湾发布,2244716203
六安市文化和旅游局发布,luanshilvyou
中国侨都-鹤山发布,2183867180
平湖发布,pinghufabu
和县人民政府发布,hexianfabu
东海发布,jingduwang
汨罗发布,miluofabu
陇南文县发布,3349858042
灵璧发布,1974320284
广东阳江发布,gdyjfb
昆明市西山区发布,kmsxsfb
宁夏政务发布,3949984662
巴彦淖尔发布,2420475793
京东发言人,jingdongofficial
上海合作交流发布,shhhzjlfb
池州发布,czfb
珙县发布,2147019872
张掖发布,2725760881
邳州发布,2778558737
准格尔旗发布,2369612657
长沙县发布,3201119084
开州微发布,cqkxfb
海阳发布,haiyangfb
成都成华教育发布,chenghuajiaoyu
上虞发布,3225582243
杭州城投发布,5183162552
辽源发布,3393236454
南昌文明办发布,2710786555
甘肃应急发布,2467982875
临沂临港发布,3687050977
龙湾发布,longwanfabu
伊宁市发布,2504654363
庐江发布,2744247674
鹰潭发布,yingtanfabu
新郑发布,2644314083
长宁发布,624587456
南昌铁路公安处发布,nctlgacfb
仙林发布,xlpublish
塔城发布,tcfb
临泉发布,lqxcb
瓯海发布,ouhaifabu
中国侨都-新会发布,xhqrmzf
陕西建设发布,3004957964
宣城市委政府发布,2249520950
呼和浩特回民区发布,2419711385
垫江发布,djfabu
陇南成县发布,2634283941
陇南礼县发布,uc75848
固原发布,gyfb2016
秭归发布,1943653542
临沭发布,2722450581
花山发布,2839075354
蚌埠市人民政府发布,bbsrmzf
六安公安交警微发布,lajjzd
连江发布,fjljzf
榆次发布,ycfb0354
新乡发布,xxswwxb
安宁发布,ynanxcb
东港发布,3700339772
屏山发布,pingshanfabu
宾县发布,3071669987
九江瑞昌发布,ruichangnews
望江发布,ahwjnews
闽侯发布,2636889191
芝罘发布,5086513816
广州大学城发布,gzdxcfb
长乐发布,changlefabu
红城发布,5066635908
沂源发布,yiyuanfabu
建湖发布,newsjianhu
上海民宗发布,2684830291
南昌市市场监管局发布,2673559383
陇南徽县发布,3215198700
陇南武都发布,2706533745
泰安发布,5603075231
蒙阴发布,3988044545
芜湖县人民政府发布,whxgov
青州发布,sdqzfb
昆明石林发布,kmslfb
嘉峪关发布,2626472797
抚州资溪发布,2945394960
龙门发布,lmfb
池州市人民政府发布,chizhoushi0566
会宁发布,3473995124
铜山发布,tongshanfabu
吐鲁番发布,2629221543
庆阳发布,qingyangfabu
阿克苏发布,2629250691
陇南康县发布,3977067003
九江共青城发布,2867360410
甘州发布,gzfb
陇南西和发布,3949211817
云龙发布,yunlongfabu
嘉州发布,1972822277
六安市教体局发布,ahlajy
歙县发布,5287636635
沛县发布,jspxfb
抚州广昌发布,3455585242
贵溪发布,gxxcb
宁夏大武口发布,uc68346133
扬州交通发布,5902300035
重庆应急发布,5112979019
马鞍山市人民政府发布,zgmas
陇南宕昌发布,3483764642
忻州发布,5202540135
蒙城发布,5031576509
醴陵发布,lilingyuqing
潼南微发布,tongnanxianxwb
利州发布V,2309793941
平阳发布,2624195062
祁县发布,3244760223
颍上县人民政府发布,ahysgov
泰兴发布,3558926304
咸宁发布,xianningcity
韶关发布,shaoguanfabu
白城发布,3282971937
海南生态环境发布,5773606824
临夏发布,2626472847
莱西发布,laixifabu
淄川发布-融媒体,xinzichuan
潍坊高新区发布,wfgxqfb
迪庆旅游发布厅,2952621664
浏阳发布,liuyangfabu
海城发布,linmingfabu
临泉县人民政府发布,linquanxian
五台山发布,5237288847
浒山发布,1132639825
临淄发布,3658228113
瑶海发布,hfyhfb
九江公交发布,5139748311
抚顺市人社发布,1988073431
阜南发布,fnxnews
湘潭发布,xtwxb
吉林龙潭发布,jilinlongtanfabu
沙河发布,3901256505
山寨发布会,2556198563
昆明晋宁发布,3844733372
睢宁发布,2082957147
霸州发布,3811379458
台江发布,2636931673
丹阳发布,danyangfabu
信州发布,5634737637
上海燃气行业发布,2639024830
南康发布,5013122364
岳西发布,yuexigov
淮南市人民政府发布,5797955552
中国侨都-台山发布,5507821897
黔南发布,2998160332
中国竞彩网,sportterycn
中山火炬发布,zskfq
长寿微发布,csqzfxwb
韩城发布,hanchenggov
绵阳发布,6619634925
梨城发布,2282697592
桦甸发布,97558122
临朐发布,linqufabuV
天津人防发布,tjrmfk
江夏发布,jiangxiabao
余江发布,5249306689
南浔发布,3928747402
牡丹发布,mdfb
海州发布,haizhoufabu
红山发布,2096277685
沭阳发布,shuyangfabu
呼兰发布,hulanqu
汉台发布,htqgov
郯城发布,3964545563
营山发布,3430052514
涟水发布,3585297153
泉山发布,3515603503
威海南海发布,3834775904
克州发布,2629221513
江苏物价发布,3675591760
珲春发布,3115503070
扎兰屯发布,zhalantun
南昌安义发布,2726106195
南昌市府办发布,2712010121
南昌房管局发布,2710752493
洮南发布,2472975641
深圳航空HR,szairhr
安丘发布,anqiuV
德城发布,5039972406
东丰发布0437,dongfengfabu
巴里坤发布,573997737
长阳发布,changyangfabu
奈曼旗发布,naimanfabu
盐都发布,JSYDFB
兖州发布,5539444867
嵊州发布,5890799307
山东烟台福山预警发布-,5057675232
龙南发布,3912707918
江西自然资源发布,jxgtzy
敦煌发布,2626487695
秀洲发布,3145889207
泰州教育发布,5041511673
遂川发布,scxfb
太和县人民政府发布,5292906815
南岗发布,3156841983
江浦发布,5044695004
淮安区发布,huaianqufabu
寿阳发布,2193236805
永城发布,cnhnyc
偃师发布,2620370243
广德市人民政府发布,gdxrmzf
杭州拥江发布,hzcbd
浙江交通发布,5262689044
鹤峰发布,hffb
柴桑区发布,jjxwxb
宾阳发布,byfb
南昌文化新闻出版发布,2710670291
徐州检察发布,3601556003
南昌市城市管理局发布,2710786571
嵩明宣传发布,2541660521
旅顺口发布,5803682925
涿州发布,3154595907
威海经区发布,3896282098
屯溪发布,5369902567
陇县发布,3890137711
福山发布,3214972460
博山发布,3710694742
祥云发布,3812084356
厦门海关发布,xmcustoms
临汾发布,6404656251
抚州崇仁发布,3539102955
广西质监发布,3058245523
滨州发布,3197610735
淮南文化和旅游发布,huainantour
苏州木渎发布,3944577983
扬中发布,512467879
萍乡芦溪发布,luxifabu
宁都发布,3948549952
叙永发布,5137792380
关岭发布V,5355015949
龙马潭发布,1959375264
淀山湖发布,3228085643
滑县发布,2744635275
莱城发布,3952511749
沂南发布,cnyinan
凤台发布,2526116430
渭滨发布,3883383577
昆明禄劝发布,3848311310
番禺石楼发布,3198489817
南昌市委政法委发布,2805171530
宁国发布,ngzf
临港发布,3899471117
南陵发布,3633206961
肥西发布,feixifabu
勉县发布,3925177086
旬阳发布,3235073920
中国济南发布,5680948714
龙山发布,2254223210
石嘴山发布,5598131021
枞阳发布,6043240678
井陉发布,3558386712
路桥发布,2663807383
兰山发布,3992872925
定远县人民政府发布,1893289720
番禺钟村发布,3198489843
横河发布,1660247301
抚州黎川发布,3546862743
黔东南发布,qdnxcb
南昌广电发布,2673596531
南昌发改委发布,2673596551
长葛发布,2768327893